first,last,email,noah@gmail.com,emma@gmail.com,mira@gmail.com,milo@gmail.com,eric@gmail.com,name@gmail.com
Noah,Picard,noah@gmail.com,0,2,4,0,2,0
Emma,Gavlan,emma@gmail.com,3,0,1,2,4,0
Mira,Berfer,mira@gmail.com,2,4,0,4,5,0
Milo,Jemeny,milo@gmail.com,3,2,2,0,3,0
Eric,Bennet,eric@gmail.com,3,2,2,0,0,0
Noone,!,name@gmail.com,0,0,0,0,0,0